Gate1_ID,Summary,Canonical_PHY,Canonical_Jira,Disposition,Runtime_Status
G1-001,Baseline and rollback,PHY-001,CD-648,REUSE_ACCEPTED_BASELINE,ADMIN_MAPPED
G1-002,Scope and gate contract,PHY registry,CD-648,OVERLAY_CONTRACT,ADMIN_MAPPED
G1-003,Control path,PHY-013|PHY-014|PHY-016,CD-649|CD-611,REUSE_OWNER,NOT_RUN
G1-004,Telemetry and repeatability,PHY-003|PHY-004,CD-657,EXTEND_EXISTING_EVIDENCE,PARTLY_INFRA_DONE
G1-005,Infinite-road disturbances,n/a,CD-869,REUSE_R1_R5_WORLD,NOT_RUN_GATE1
G1-006,Wheel/body contact,PHY-021|PHY-028,CD-748|CD-855|CD-652,PHYSICAL_PREREQUISITE,NOT_RUN
G1-007,Mass CoM inertia,PHY-022|PHY-023,CD-748|CD-648,PHYSICAL_PREREQUISITE,NOT_RUN
G1-008,Suspension,PHY-025|PHY-026|PHY-027|PHY-028,CD-652,PHYSICAL_PREREQUISITE,NOT_RUN
G1-009,Tire grip/slip,PHY-029,CD-650,REUSE_OWNER_R6_DIAGNOSTIC_ONLY,HUMAN_PENDING
G1-010,Throttle torque gears,PHY-009..PHY-020,CD-611|CD-643|CD-644|CD-645|CD-659,REUSE_OWNER,NOT_RUN_GATE1
G1-011,Braking and lift,PHY-030|PHY-026|PHY-029,CD-656|CD-650|CD-652,REUSE_OWNER,NOT_RUN
G1-012,Straight stability,PHY-045|PHY-046,CD-658,ACCEPTANCE_ONLY,NOT_RUN
G1-013,Lane change,PHY-045|PHY-046,CD-658|CD-649|CD-650|CD-652,ACCEPTANCE_ONLY,NOT_RUN
G1-014,Recovery envelope,PHY-045|PHY-046,CD-654|CD-658,ACCEPTANCE_ONLY,NOT_RUN
G1-015,Conditional assistance,n/a,n/a,NOT_NEEDED_PROHIBITED_BY_CURRENT_CANON,N_A
G1-016,Camera/readability,PHY-027|PHY-046,CD-652|CD-658,PRESENTATION_ONLY,NOT_RUN
G1-017,FPS reset long-run,PHY-045,CD-657|CD-658,ACCEPTANCE_INFRA,NOT_RUN
G1-018,Optional drift,PHY-029|PHY-046,CD-654,OPTIONAL_DEFER_ALLOWED,NOT_RUN
G1-019,Human acceptance,PHY-046,CD-658,HUMAN_GATE,NOT_RUN
G1-020,Freeze handoff admin,PHY-047|PHY-048,CD-648|CD-921,TERMINAL_INTEGRATION,ADMIN_MAPPED
