ID,Stage,Title,Existing_owner_reference,Depends_on,Status,Change,Acceptance_A,Acceptance_B,Evidence
PHY-001,P00,Freeze executable baseline,CD-848 / CD-645.,P00-S minimal versioned profile envelope,DONE,"Pin main SHA, accepted vehicle SHA, active candidate, profile version, executable/hash and rollback build.",PASS — canonical main 0e1a8bce8e29e56a1c16c28c9945467aed986048 is bound to profile hash E83EAC2B6FA5D39F and candidate exe SHA-256 bb95af6903f3ad18140da2b54d366a981e839d9f35e97e1a7e27599ebd1d6084.,PASS — prior accepted rollback 8168d72406af6934ab20eace583c2b895f0620b7 / run 35809749568 remains immutable and historically launch-proven; exe SHA-256 994a66da0f62e56cdf65f4fdf4625b98d43ecd7366787075aa3c19a674df8469.,main run 36213319172; UE 5.8.3; profile PINKCAB_TATRA613_CHAOS schema 1 calibration 1; frozen root PHYSICS_BASELINE_0e1a8bc_RUN36213319172; no feel change.
PHY-002,P00,State-writer inventory,CD-848 / CD-645.,PHY-001,DONE,"Map every writer/consumer for ignition, engine RPM/torque, throttle, clutch, gear request/engagement, steering, wheel drive/brake torque, mass and health.",PASS — 68 classified writer groups / 80 executable occurrences; semantic and physical authorities documented in STATE_WRITER_INVENTORY.csv and STATE_WRITER_CONSUMER_MAP.md.,PASS — exact-main guard reports 0 unknown/stale/mismatched groups and 0 forbidden direct force/impulse/torque/velocity/teleport side paths; dormant uncalled AlignInitialPresentationToGround path removed.,main e5077942ee93499247e61d358c55f0b2c222cb72; run 36230537265; 32/32 hygiene PASS; zero-debt 0; physics 3/3 PASS; Editor/Game builds PASS; no owner feel gate required because accepted driving behavior/tuning was not changed.
PHY-003,P00,Causal drivetrain telemetry,CD-657 / CD-645 / CD-648.,PHY-002,DONE,"Record ignition/state, driver/raw/final throttle, engine RPM, authoritative available engine torque after limiter/health, clutch coupling/slip/capacity, gear/ratios, external partial-clutch torque, Chaos torque path, per-wheel drive/brake torque, wheel RPM/load/slip/forces, vehicle energy/speed, steering target before/after input shaping and final road-wheel angle.",PASS — append-only diagnostic trace preserves earliest frames and records ignition/control/actuation/driveline/profile/speed-energy and available wheel channels frame by frame.,"PASS — trace separates raw/prepared/post-drivetrain/health+limiter stages, requested vs engaged vs Chaos gear, partial-clutch vs Chaos torque path, assist flags; unavailable UE tire-force channels carry explicit availability=false.",exact main 5ab428724e5fa0bdedf471312d40f774beb809d4; run 36233455129; 32/32 hygiene PASS; zero-debt 0; writer guard PASS; physics 9/9 PASS; Editor/Game builds PASS; no feel gate required because telemetry is observational.
PHY-004,P00,Repeatable calibration fixtures,CD-657 / CD-658 / CD-648.,PHY-003,DONE,"Create deterministic flat/grade launch, limiter coupling sweep, constant-radius, combined brake+turn, combined throttle+turn, lift-off, split-mu, braking, slalom and rough-road fixtures at declared load/FPS/profile.",PASS — canonical fixture library defines 11 stable scenario families; five run descriptors from an identical fixture remain comparable and reject FPS/seed/load drift.,"PASS — fixture/run hashes bind physics dt, FPS, model/profile/schema/calibration/hash, load, surface/friction, tire state and exact timestamped input trace.",runtime merge 138b74601815ff668b7eed956e6907f2c124775f; exact-main run 36255150359; zero-debt 0; writer guard PASS; physics 12/12 PASS; Editor/Game builds PASS. Physical handling outcomes in TESTS.csv remain NOT RUN until their later calibration stages.
PHY-005,P01,Single combustion permission,CD-612 / CD-644 / CD-659.,PHY-004,DONE,All positive combustion propulsion paths consume one authoritative Running-state permission and one post-limiter/post-health available-engine-torque result; stop/stall clears stale propulsion commands without freezing chassis or deleting inertia/back-drive.,"Off/Stalled on flat with throttle 0/25/100, N/1/R and clutch open/partial/full produces zero positive engine-generated drive torque",key-off while moving preserves physical coast/grade/back-drive but never injects positive combustion energy.,exact SHA + profile id/version + fixture/load + telemetry/log/test result; human-gate note if feel changes.
PHY-006,P01,Coast is not propulsion,CD-612 / CD-644 / CD-659.,PHY-005,DONE,"Preserve inertia, gravity, tire/contact drag and rolling resistance while engine is Off; never zero world velocity to fake a fix.",Off in N rolls on slope,"after key-off on flat, vehicle coasts/decelerates physically.",exact SHA + profile id/version + fixture/load + telemetry/log/test result; human-gate note if feel changes.
PHY-007,P01,Start/stall/restart state machine,CD-612 / CD-644 / CD-659.,PHY-006,DONE,"Verify Off/Running/Stalled transitions, low-RPM stall causality and restart cleanup without new controls.",Low-RPM coupled overload can stall,restart restores torque exactly once and no hidden throttle persists.,exact SHA + profile id/version + fixture/load + telemetry/log/test result; human-gate note if feel changes.
PHY-008,P01,Warm carb idle 900–950 RPM,CD-612 / CD-644 / CD-659.,PHY-007,DONE,"Move idle target into versioned vehicle profile; use 925 RPM as calibration center until owner feel gate, and align tach/audio/tests with profile.",Warm healthy N idle remains 900–950 after settling,returns there after a blip.,exact SHA + profile id/version + fixture/load + telemetry/log/test result; human-gate note if feel changes.
PHY-009,P02,Unify final torque path,CD-643 / CD-644 / CD-645 / CD-659.,PHY-008,DONE,Partial/full coupling uses one causal driveline path with authoritative engine-torque permission and bidirectional engine-to-shaft / shaft-to-engine reaction; no one-way partial-clutch propulsion shortcut remains current authority.,PASS — coupling continuity / D3 / reverse and bidirectional reaction are green on exact accepted P02 candidate.,"PASS — D4 load fixtures, full focused regressions and owner driving feel accepted.","exact runtime 8d68e456d1944be295281535cf9fd103ecf05d52; Vehicle Physics TDD 36868646398; P02 exact-head 36868646970; PR #49; HUMAN_ACCEPTED 2026-10-01. Historical accepted candidate only; changed current actuator/profile requires VF90 Task6-8 regression, not automatic current PASS."
PHY-010,P02,Central RPM envelope,CD-643 / CD-644 / CD-645 / CD-659.,PHY-009,DONE,"Idle, red-zone, limiter and damage-overspeed authority are centralized in the versioned vehicle profile; stale independent 6500-vs-8500 runtime authority is removed.",PASS — current 8500 operating profile does not trip a stale 6500 damage check.,PASS — dangerous mechanically connected overspeed remains a valid damage path.,"exact runtime 8d68e456d1944be295281535cf9fd103ecf05d52; CentralRpmEnvelope PASS; Vehicle Physics TDD 36868646398; P02 exact-head 36868646970. Historical accepted candidate only; changed current actuator/profile requires VF90 Task6-8 regression, not automatic current PASS."
PHY-011,P02,Continuous bite/release,CD-643 / CD-644 / CD-645 / CD-659.,PHY-010,DONE,Continuous deterministic clutch release preserves player-selected timing; Q re-press interrupts an in-progress release immediately without jump or stale continuation.,PASS — ContinuousClutchRelease is green.,PASS — ClutchReleaseInterrupt is green and owner accepted exact packaged feel.,"exact runtime 8d68e456d1944be295281535cf9fd103ecf05d52; P02 exact-head 36868646970; HUMAN_ACCEPTED 2026-10-01. Historical accepted candidate only; changed current actuator/profile requires VF90 Task6-8 regression, not automatic current PASS."
PHY-012,P02,One gear engagement validator,CD-643 / CD-644 / CD-645 / CD-659.,PHY-011,DONE,Direct and delta gear requests use one engagement validator/refusal classification; focus/menu cleanup cancels pending requests and resynchronizes cockpit/control state to the actually engaged gear.,PASS — UnifiedEngagementValidator; no software H-gate skip.,PASS — FocusLossCancelsPendingEngagement; no delayed engagement after focus return.,"exact runtime 8d68e456d1944be295281535cf9fd103ecf05d52; P02 exact-head 36868646970; PR #49; HUMAN_ACCEPTED 2026-10-01. Historical accepted candidate only; changed current actuator/profile requires VF90 Task6-8 regression, not automatic current PASS."
PHY-013,P03,Steering transfer calibration,CD-649 / CD-611 / CD-825.,PHY-012,IN_PROGRESS,"Separate mouse-device integration/sensitivity from physical steering target: heavy standstill and calmer high-speed input may change how fast the player moves the target, but speed alone may not multiply/shrink a held target or create auto-centering/yaw rescue.",Small right input steers right and a held authored target remains unchanged when speed changes without new mouse input,deliberate countersteer retains access to mechanically available steering authority at speed.,"P03/V2 and bounded P04 are owner accepted, but this task keeps its full declared criteria: T-025 PASS; T-026 low/urban/high-speed deliberate countersteer remains NOT RUN. Preserve accepted behavior; do not claim full PHY-013 closure or authorize downstream scope from this incomplete criterion. Coordinator37148042881 / delivery37149462470 / owner receipt37152180059. Current remaining steering/countersteer proof is VF90 Task6 after Task5; preserve historical CD-649 acceptance."
PHY-014,P03,Frame-rate independent mouse trace,CD-649 / CD-611 / CD-825.,PHY-013,DONE,"Audit mouse-delta units/integration, fast-motion loss and stale-delta tails at 30/60/120 FPS.",Equivalent timed traces yield comparable road-wheel angle,no post-input ghost steering.,"P03/V2edf75e1b accepted/PR52; bounded P04 candidate52239b61 accepted/PR62 integration4a313d38. Coordinator37148042881, delivery37149462470, audit37151172013. Full remaining P04 envelope is not closed; exact scenario coverage is TESTS.csv. Historical accepted candidate only; changed current actuator/profile requires VF90 Task6-8 regression, not automatic current PASS."
PHY-015,P03,Pedal wheel dosing response,CD-649 / CD-611 / CD-825.,PHY-014,DONE,"Keep E→W→Q wheel priority and per-launch throttle reset; A/B historical pow(driver,0.55) baseline throttle mapping for low-input dosability while tuning response only—never add throttle from slip/RPM rescue/launch outcome.",One wheel detent is precise and 25/50/100% commands are distinct/monotonic,reversal/pause resets burst acceleration; no double recipient or hidden throttle.,"P03/V2edf75e1b accepted/PR52; bounded P04 candidate52239b61 accepted/PR62 integration4a313d38. Coordinator37148042881, delivery37149462470, audit37151172013. Full remaining P04 envelope is not closed; exact scenario coverage is TESTS.csv. Historical accepted candidate only; changed current actuator/profile requires VF90 Task6-8 regression, not automatic current PASS."
PHY-016,P03,Ownership regression,CD-649 / CD-611 / CD-825.,PHY-015,DONE,Freeze Space/RMB/LMB/quick-access behavior while physics changes land.,Direct authored LMB action works without RMB where contract allows,released quick key removes prompt without actuation.,"P03/V2edf75e1b accepted/PR52; bounded P04 candidate52239b61 accepted/PR62 integration4a313d38. Coordinator37148042881, delivery37149462470, audit37151172013. Full remaining P04 envelope is not closed; exact scenario coverage is TESTS.csv. Historical accepted candidate only; changed current actuator/profile requires VF90 Task6-8 regression, not automatic current PASS."
PHY-017,P04,Torque curve + engine inertia,CD-641..647 / CD-648.,PHY-016,IN_PROGRESS,"Measure wheel torque and acceleration; tune profile torque curve, rev inertia and engine braking only—no hidden AddForce boost, mass reduction, grip cheat or throttle rescue. Declare A/B acceleration targets before the run.",Selected A/B candidate improves declared 0–30/0–60 response through explicit drivetrain parameters at identical mass/surface/input,"lift-off is causal, no residual boost exists and small throttle remains dosable.","P03/V2edf75e1b accepted/PR52; bounded P04 candidate52239b61 accepted/PR62 integration4a313d38. Coordinator37148042881, delivery37149462470, audit37151172013. Full remaining P04 envelope is not closed; exact scenario coverage is TESTS.csv. Current remaining performance calibration is held until VF90 physical foundation and actuation (Tasks5/6), then Task7."
PHY-018,P04,Ratios + rolling radius,CD-641..647 / CD-648.,PHY-017,IN_PROGRESS,"Generate speed/RPM table for each gear from actual profile radius, ratios and final drive; reconcile old docs vs executable profile.",Steady-state speed/RPM matches profile within slip tolerance,5th gear cannot receive anti-stall cheat.,"P03/V2edf75e1b accepted/PR52; bounded P04 candidate52239b61 accepted/PR62 integration4a313d38. Coordinator37148042881, delivery37149462470, audit37151172013. Full remaining P04 envelope is not closed; exact scenario coverage is TESTS.csv. Current remaining performance calibration is held until VF90 physical foundation and actuation (Tasks5/6), then Task7."
PHY-019,P04,Reverse traction,CD-641..647 / CD-648.,PHY-018,IN_PROGRESS,Keep R right-bottom and same clutch/engine rules; calibrate low/medium/full throttle traction.,25/50/100% reverse throttle are distinct,R→N removes drive while preserving inertia.,"P03/V2edf75e1b accepted/PR52; bounded P04 candidate52239b61 accepted/PR62 integration4a313d38. Coordinator37148042881, delivery37149462470, audit37151172013. Full remaining P04 envelope is not closed; exact scenario coverage is TESTS.csv. Current remaining performance calibration is held until VF90 physical foundation and actuation (Tasks5/6), then Task7."
PHY-020,P04,Controlled A/B launch and acceleration,CD-641..647 / CD-648.,PHY-019,IN_PROGRESS,"Compare baseline/A/B with identical mass, fuel, surface and input; record medians/spread, wheelspin and jerk.",Chosen faster response is not achieved by secretly reducing mass or changing controls.,No regression of locked controls/mechanics; exact-SHA evidence remains required.,"P03/V2edf75e1b accepted/PR52; bounded P04 candidate52239b61 accepted/PR62 integration4a313d38. Coordinator37148042881, delivery37149462470, audit37151172013. Full remaining P04 envelope is not closed; exact scenario coverage is TESTS.csv. Current remaining performance calibration is held until VF90 physical foundation and actuation (Tasks5/6), then Task7."
PHY-021,P05,Physical↔visual wheel contract,CD-748 / CD-855 / CD-856.,VF90 Task4 integrated / main c8459ba; owner-approved physical foundation before new actuation/handling tuning,IN_PROGRESS,"Validate 4 wheel centers, radius/width, suspension axes, scale, bones/sockets and body-road clearance.",Four Chaos contacts align with four visible wheels,full travel does not detach/clip visibly.,2026-10-09 current VF90 Task5 RED at 0b395c9 on c8459ba; physical foundation test+receipt only. Task1 wheel/contact subset integrated in PR70 does not close body/mass/inertia/load acceptance. exact SHA + profile id/version + fixture/load + telemetry/log/test result; human-gate note if feel changes.
PHY-022,P05,Mass/COM accumulation,CD-748 / CD-855 / CD-856.,PHY-021,IN_PROGRESS,"Audit base/fuel/crew/passenger units, one-time application and CG movement under loads.",1657/2107 kg fixtures are reproducible,passenger restore does not double-count mass.,2026-10-09 current VF90 Task5 RED at 0b395c9 on c8459ba; physical foundation test+receipt only. Task1 wheel/contact subset integrated in PR70 does not close body/mass/inertia/load acceptance. exact SHA + profile id/version + fixture/load + telemetry/log/test result; human-gate note if feel changes.
PHY-023,P05,Inertia tensor,CD-748 / CD-855 / CD-856.,PHY-022,IN_PROGRESS,"Calibrate roll/pitch/yaw inertia from physical dimensions/pivots, not hidden yaw damping.",Small steering does not rotate car unrealistically fast,release has no external straightening impulse.,2026-10-09 current VF90 Task5 RED at 0b395c9 on c8459ba; physical foundation test+receipt only. Task1 wheel/contact subset integrated in PR70 does not close body/mass/inertia/load acceptance. exact SHA + profile id/version + fixture/load + telemetry/log/test result; human-gate note if feel changes.
PHY-024,P05,Three-model import/profile validation,CD-748 / CD-855 / CD-856.,PHY-023,PLANNED,"Separate render mesh from physics profile; validate model id, scale, wheel transforms, collision and material grouping for 613/603-I/77.",Mesh swap never changes input ownership,invalid wheel/profile binding fails loudly.,Current Task5 owns 613 binding only; full 613/603-I/77 scope remains PLANNED and is not a prerequisite for one-car VF90 acceptance. exact SHA + profile id/version + fixture/load + telemetry/log/test result; human-gate note if feel changes.
PHY-025,P06,Static sag + preload,CD-652 / CD-648 / CD-855.,VF90 Task5 scoped 613 foundation then Task6 real actuation; full three-model PHY-024 closure is not required for current 613 tuning,PLANNED,Measure empty/crew/full-load ride height and usable bump/droop; derive stiffness/preload in Chaos units.,Nominal load keeps bump/droop reserve,full load is not permanently on bump stops.,exact SHA + profile id/version + fixture/load + telemetry/log/test result; human-gate note if feel changes.
PHY-026,P06,Damping,CD-652 / CD-648 / CD-855.,PHY-025,PLANNED,Tune bounded damping for single bump and repeated roughness; do not fake chassis softness with camera only.,Oscillation decays after one disturbance,does not grow through repeated bumps.,exact SHA + profile id/version + fixture/load + telemetry/log/test result; human-gate note if feel changes.
PHY-027,P06,Roll/pitch balance,CD-652 / CD-648 / CD-855.,PHY-026,PLANNED,Tune roll stiffness/load transfer while keeping visible old-car body motion and tire authority.,Braking produces bounded pitch with contact retained,slalom roll reverses smoothly.,exact SHA + profile id/version + fixture/load + telemetry/log/test result; human-gate note if feel changes.
PHY-028,P06,Curb/pothole/landing,CD-652 / CD-648 / CD-855.,PHY-027,PLANNED,Separate normal road compliance from damaging impacts and verify contact continuity.,Ordinary curb does not teleport/drop all contacts,hard landing gives causal bounded damage.,exact SHA + profile id/version + fixture/load + telemetry/log/test result; human-gate note if feel changes.
PHY-029,P07,Longitudinal/lateral grip,CD-650 / CD-653 / CD-656 / CD-740.,PHY-028,PLANNED,"Calibrate one combined-grip tire model across load sensitivity, axle balance, differential behavior and dry/wet surfaces. Use WheelLoadRatio=1.0 as the physical reference A/B; remove 2.00/0.50 front/rear friction asymmetry unless telemetry proves a vehicle-specific reason instead of a wheelspin shortcut.",Brake+turn and throttle+turn consume one grip budget with progressive breakaway/load transfer,"lift-off, split-mu and recovery are causal; bad input can still spin the car without hidden rescue.",exact SHA + profile id/version + fixture/load + telemetry/log/test result; human-gate note if feel changes.
PHY-030,P07,Service brake without ABS,CD-650 / CD-653 / CD-656 / CD-740.,PHY-029,PLANNED,Tune brake torque/bias/dosing while preserving W+E coexistence and explicit no-ABS rule.,25/50/100% braking differs,full lock has no hidden ABS pulses.,exact SHA + profile id/version + fixture/load + telemetry/log/test result; human-gate note if feel changes.
PHY-031,P07,Analog handbrake 0–1,CD-650 / CD-653 / CD-656 / CD-740.,PHY-030,PLANNED,Preserve moving hydraulic behavior vs stationary parking latch and tune rear torque curve.,25/50/100% handbrake are distinct,parking hold does not turn throttle into scripted stall.,exact SHA + profile id/version + fixture/load + telemetry/log/test result; human-gate note if feel changes. Current analog actuator defect is owned by CD-653 in VF90 Task6 after Task5; final handling/thermal calibration remains scoped later.
PHY-032,P07,Work-based heat/wear,CD-650 / CD-653 / CD-656 / CD-740.,PHY-031,PLANNED,Compute clutch heat from transmitted torque × relative shaft speed and brake heat from actual per-wheel braking work; command amount/body speed alone cannot create heat. Normal 30-min driving must remain serviceable.,Free-rev/open clutch and locked near-stationary wheel cannot create fictitious brake work/heat,prolonged clutch slip and real braking work heat/degrade causally and proportionally.,exact SHA + profile id/version + fixture/load + telemetry/log/test result; human-gate note if feel changes.
PHY-033,P08,Focus/menu/load boundaries,CD-670 / CD-722 / CD-740.,PHY-032,PLANNED,"Test active pedals, lever and handbrake through focus loss/menu/restart.",Transient inputs clear,no stuck throttle or delayed shift.,exact SHA + profile id/version + fixture/load + telemetry/log/test result; human-gate note if feel changes.
PHY-034,P08,Save schema versioning,CD-670 / CD-722 / CD-740.,PHY-033,PLANNED,Persist durable engine/health/wear/profile identity; never persist transient input queues/captures.,Wear survives load,old save migrates without free repair or duplicates.,exact SHA + profile id/version + fixture/load + telemetry/log/test result; human-gate note if feel changes.
PHY-035,P08,Repair diagnostics,CD-670 / CD-722 / CD-740.,PHY-034,PLANNED,Map measured failure → indication → symptom → bounded repair; preserve exactly-once economics.,Repair one subsystem does not heal unrelated state,transaction is idempotent.,exact SHA + profile id/version + fixture/load + telemetry/log/test result; human-gate note if feel changes.
PHY-036,P08,Long-run soak,CD-670 / CD-722 / CD-740.,PHY-035,PLANNED,Run 30-min normal active drive and terminal 2-hour shift soak on final candidate.,No forced repair under normal use,no accumulating input/memory/unexplained wear.,exact SHA + profile id/version + fixture/load + telemetry/log/test result; human-gate note if feel changes.
PHY-037,P09,Versioned profile schema,CD-605 / CD-855 / CD-856.,PHY-036,PLANNED,"Per model: id/version, provenance, geometry, mass/COM/inertia, engine/RPM, ratios, wheel/tire, suspension, brakes, thermal/cabin capabilities.",Every parameter has unit/provenance/owner,incomplete profile cannot silently inherit another model geometry.,exact SHA + profile id/version + fixture/load + telemetry/log/test result; human-gate note if feel changes.
PHY-038,P09,Tatra 613 profile,CD-605 / CD-855 / CD-856.,PHY-037,PLANNED,Freeze current donor-derived 2980/1520/1520 and wheel 205/70R14 values only in 613 profile; separate gameplay engine tune.,613 reproduces current physical geometry,engine tune changes do not mutate wheel/H-gate data.,exact SHA + profile id/version + fixture/load + telemetry/log/test result; human-gate note if feel changes.
PHY-039,P09,Tatra 603 Series 1 profile,CD-605 / CD-855 / CD-856.,PHY-038,PLANNED,"Measure/model-specific wheel centers, geometry and physical capability without copying 613 values; preserve shared semantic controls.",603-I wheels/suspension align to its asset,no model-specific input branches.,exact SHA + profile id/version + fixture/load + telemetry/log/test result; human-gate note if feel changes.
PHY-040,P09,Tatra 77 profile,CD-605 / CD-855 / CD-856.,PHY-039,PLANNED,"Create third independent profile and migration id; historical claims require provenance, gameplay tune can remain explicit design.",613↔77 save/profile ids never mix,all three pass Off/idle/clutch invariants.,exact SHA + profile id/version + fixture/load + telemetry/log/test result; human-gate note if feel changes.
PHY-041,P10,Semantic cabin ports,CD-604 / CD-722 / CD-670.,PHY-040,PLANNED,"Future cabin systems consume semantic commands + readonly vehicle telemetry, never raw keys or Chaos writes.",Disabled cabin module cannot alter traction/steering,command routing does not steal physics ownership.,exact SHA + profile id/version + fixture/load + telemetry/log/test result; human-gate note if feel changes.
PHY-042,P10,Windows contract,CD-604 / CD-722 / CD-670.,PHY-041,PLANNED,"Opening 0–1 per side, interruption, damage/jam and persistence; implementation later, after base-physics gate.",Partial opening persists,each side restores independently.,exact SHA + profile id/version + fixture/load + telemetry/log/test result; human-gate note if feel changes.
PHY-043,P10,Heater/power contract,CD-604 / CD-722 / CD-670.,PHY-042,PLANNED,"Model heat source, blower and residual cabin heat explicitly for air-cooled V8—no invented water radiator.",Blower ≠ free heat,engine-off retains decaying stored heat rather than instant zero.,exact SHA + profile id/version + fixture/load + telemetry/log/test result; human-gate note if feel changes.
PHY-044,P10,Noise/rain/defog hooks,CD-604 / CD-722 / CD-670.,PHY-043,PLANNED,Bound window opening to allowed acoustic/air-exchange effects and heater to temperature/defog; no control-camera takeover.,Effects stay bounded,cannot obscure/steal accepted driving controls.,exact SHA + profile id/version + fixture/load + telemetry/log/test result; human-gate note if feel changes.
PHY-045,P11,Full regression matrix,CD-848 / CD-645.,PHY-044,PLANNED,"Combine QA-01..20 with the 96 canonical PHY rows; rows may contain explicit parameter matrices but every subcase must emit exact-head package/runtime evidence. Mandatory families include engine-Off matrix, clutch/limiter continuity, fixed-target steering, combined grip/load sensitivity, split-mu/lift-off and work-based thermal causality.",Every required row/subcase records SHA/profile/load/surface/FPS/input/result/evidence,old green run cannot certify new executable or a changed profile.,exact SHA + profile id/version + fixture/load + telemetry/log/test result; human-gate note if feel changes.
PHY-046,P11,Owner city human gate,CD-848 / CD-645.,PHY-045,PLANNED,"One candidate, short real-city route and baseline/A/B values: launch, brake, slalom, parking, reverse, roughness.",Owner feel finding remains open even when automation is green.,No regression of locked controls/mechanics; exact-SHA evidence remains required.,exact SHA + profile id/version + fixture/load + telemetry/log/test result; human-gate note if feel changes.
PHY-047,P11,Git/Jira/Confluence convergence,CD-848 / CD-645.,PHY-046,PLANNED,"Reconcile current profile, idle target, engine-off invariant, profile ids, accepted SHA/run and superseded historical values.",All three sources agree on current authority,history remains traceable but not live truth.,exact SHA + profile id/version + fixture/load + telemetry/log/test result; human-gate note if feel changes.
PHY-048,P11,Single delivery + rollback,CD-848 / CD-645.,PHY-047,PLANNED,"Point only canonical launcher to accepted build, retain previous accepted package, verify executable hash/PID and rollback.",Shortcut hash/SHA matches accepted evidence,rollback does not mutate city/save.,exact SHA + profile id/version + fixture/load + telemetry/log/test result; human-gate note if feel changes.
